,title,price,link,arrival
0,"₹9,499₹9,499M.R.P: ₹19,999M.R.P:₹19,999₹19,999","9,499",https://www.amazon.in/Portronics-Subwoofer-Playtime-Wireless-Adjustment/dp/B0F3NTXN14/ref=sr_1_35?crid=Q5869GOL6SVW&dib=eyJ2IjoiMSJ9.g2shpWP2PrvI8ewu6e9-Tw_kPGWvX1zMsknqDDlBaYShoox5iHMzwXXrVI7yaw2kU88WjVOxIQBNiCKN2IJhs1TgtbuGQI4FGQJd14VzYbP3uJgtYeE5aNHiGPtnYf3Hu5apIqg0Yad8neFIAdR2LHqjvNw3Du2kF_9dOyGuJ2Vh-Q96DFsbo76o7c4uA1Rq8ApYETbRc7sm3CBNhpVe6NC1rFExBUOYVLjPGC6H0tk.OQNDGHUw-gIUnAcsdixiMonGsovZu7PwQ2HdJVQGPcM&dib_tag=se&keywords=speakers&qid=1761953791&sprefix=speaker%2Caps%2C236&sr=8-35&xpid=YHRwq8TLrgFEx,"FREE deliveryMon, 3 NovOr fastest deliveryTomorrow, 2 Nov"
1,Limited time deal,"2,989",https://www.amazon.in/deals,"FREE deliveryMon, 3 NovOr fastest deliveryTomorrow, 2 Nov"
2,Limited time deal,"2,989",https://www.amazon.in/deals,"FREE deliveryMon, 3 NovOr fastest deliveryTomorrow, 2 Nov"
3,Limited time deal,449,https://www.amazon.in/deals,"FREE deliveryMon, 3 Novon first orderOr fastest deliveryTomorrow, 2 Nov"
4,"₹1,399₹1,399M.R.P: ₹3,990M.R.P:₹3,990₹3,990","1,399",https://www.amazon.in/boAt-Signature-Full-Range-Bluetooth-Soundbar/dp/B0F5BC2161/ref=sr_1_10?crid=Q5869GOL6SVW&dib=eyJ2IjoiMSJ9.8bylBOSg5HvakWGx5EgoVie699VckoioIsLWOP9QBHYPO4N50tn_wJ69JK8iSXdoX3Xj5lQ3ukyX1iwHmC61d3dCCYjt3Cf3Vcgk5RWUJw4fdML1ZJEtQCs6ijzS0pJ-ErN1AZdQYzDuw3rO_06PG8fXEM8s01bOmSU-TuDFc88L4bfSBvnOiqTJpqXbhjZzCA16SAvWJuuaM20v4Gj1jZjsE-aKJTUkMTJQiuVTMBk.iOdB_U1S1LVjb9IewIXsmjaY2T6cJvufng6uGX-ziMw&dib_tag=se&keywords=speakers&qid=1761953783&sprefix=speaker%2Caps%2C236&sr=8-10&xpid=YHRwq8TLrgFEx,"FREE deliveryMon, 3 NovOr fastest deliveryTomorrow, 2 Nov"
5,Limited time deal,949,https://www.amazon.in/deals,"FREE deliveryMon, 3 NovOr fastest deliveryTomorrow, 2 Nov"
6,"₹39,999₹39,999M.R.P: ₹47,999M.R.P:₹47,999₹47,999","39,999",https://www.amazon.in/sspa/click?ie=UTF8&spc=MTozMTQ0MjYxMjYzMjU5MjI4OjE3NjE5NTM3OTc6c3BfbXRmOjMwMDU4MzM3MTk2MTMzMjo6MDo6&url=%2FMarshall-Wireless-Bluetooth-Portable-Speaker%2Fdp%2FB0919Z8Q8Y%2Fref%3Dsr_1_43_sspa%3Fcrid%3DQ5869GOL6SVW%26dib%3DeyJ2IjoiMSJ9.xlRnKgS_H2axFYxpmOl-OlXZGRB2dcjbZZEA89vJuMNU8PTD9gLLEYU3Lpw0iBKYiMiOfieACiTKnvAEhR5nZj16dU1KbsoBRbOznH1NzyXMjlGpIkCBFVtVojtujB0y0Rm95oG7FQoEw6dZtAdryhM4L1-hcI6b9uxqF6XoxFozgQe88GfbEhfYQfxP8ypO5-AhNiNkCAiPzltcHlKG5sGKDwt40lQvy-E5scbsuE8.yE-y2FfK0aq9HbpEfxelcbZEunUNDkpP_DBQPIDRkx0%26dib_tag%3Dse%26keywords%3Dspeakers%26qid%3D1761953797%26sprefix%3Dspeaker%252Caps%252C236%26sr%3D8-43-spons%26xpid%3DYHRwq8TLrgFEx%26sp_csd%3Dd2lkZ2V0TmFtZT1zcF9tdGY%26psc%3D1&aref=NOaeuZc8MN&sp_cr=ZAZ,"FREE deliveryMon, 3 NovOr fastest deliveryTomorrow, 2 Nov"
7,"₹24,999₹24,999M.R.P: ₹31,999M.R.P:₹31,999₹31,999","24,999",https://www.amazon.in/sspa/click?ie=UTF8&spc=MTozMTQ0MjYxMjYzMjU5MjI4OjE3NjE5NTM3OTc6c3BfYXRmX25leHQ6MzAwNTA0MjA0MDQxNzMyOjowOjo&url=%2FMarshall-Kilburn-Portable-Bluetooth-Speaker%2Fdp%2FB0912M6DNV%2Fref%3Dsr_1_34_sspa%3Fcrid%3DQ5869GOL6SVW%26dib%3DeyJ2IjoiMSJ9.xlRnKgS_H2axFYxpmOl-OlXZGRB2dcjbZZEA89vJuMNU8PTD9gLLEYU3Lpw0iBKYiMiOfieACiTKnvAEhR5nZj16dU1KbsoBRbOznH1NzyXMjlGpIkCBFVtVojtujB0y0Rm95oG7FQoEw6dZtAdryhM4L1-hcI6b9uxqF6XoxFozgQe88GfbEhfYQfxP8ypO5-AhNiNkCAiPzltcHlKG5sGKDwt40lQvy-E5scbsuE8.yE-y2FfK0aq9HbpEfxelcbZEunUNDkpP_DBQPIDRkx0%26dib_tag%3Dse%26keywords%3Dspeakers%26qid%3D1761953797%26sprefix%3Dspeaker%252Caps%252C236%26sr%3D8-34-spons%26xpid%3DYHRwq8TLrgFEx%26sp_csd%3Dd2lkZ2V0TmFtZT1zcF9hdGZfbmV4dA%26psc%3D1&aref=6DP4N4Ea3k&sp_cr=ZAZ,"FREE deliveryMon, 3 NovOr fastest deliveryTomorrow, 2 Nov"
8,"₹8,999₹8,999M.R.P: ₹13,999M.R.P:₹13,999₹13,999","8,999",https://www.amazon.in/JBL-Bluetooth-Dustproof-PartyBoost-Personalization/dp/B09V7WS4PP/ref=sr_1_41?crid=Q5869GOL6SVW&dib=eyJ2IjoiMSJ9.xlRnKgS_H2axFYxpmOl-OlXZGRB2dcjbZZEA89vJuMNU8PTD9gLLEYU3Lpw0iBKYiMiOfieACiTKnvAEhR5nZj16dU1KbsoBRbOznH1NzyXMjlGpIkCBFVtVojtujB0y0Rm95oG7FQoEw6dZtAdryhM4L1-hcI6b9uxqF6XoxFozgQe88GfbEhfYQfxP8ypO5-AhNiNkCAiPzltcHlKG5sGKDwt40lQvy-E5scbsuE8.yE-y2FfK0aq9HbpEfxelcbZEunUNDkpP_DBQPIDRkx0&dib_tag=se&keywords=speakers&qid=1761953797&sprefix=speaker%2Caps%2C236&sr=8-41&xpid=YHRwq8TLrgFEx,"FREE deliveryMon, 3 NovOr fastest deliveryTomorrow, 2 Nov"
9,Limited time deal,873.,https://www.amazon.in/deals,"FREE deliveryTue, 4 Nov"
10,"₹852₹852M.R.P: ₹1,999M.R.P:₹1,999₹1,999",852,https://www.amazon.in/Mivi-Bluetooth-Playtime-Exceptional-Mic-Black/dp/B094RCC4L1/ref=sr_1_26?crid=Q5869GOL6SVW&dib=eyJ2IjoiMSJ9.g2shpWP2PrvI8ewu6e9-Tw_kPGWvX1zMsknqDDlBaYShoox5iHMzwXXrVI7yaw2kU88WjVOxIQBNiCKN2IJhs1TgtbuGQI4FGQJd14VzYbP3uJgtYeE5aNHiGPtnYf3Hu5apIqg0Yad8neFIAdR2LHqjvNw3Du2kF_9dOyGuJ2Vh-Q96DFsbo76o7c4uA1Rq8ApYETbRc7sm3CBNhpVe6NC1rFExBUOYVLjPGC6H0tk.OQNDGHUw-gIUnAcsdixiMonGsovZu7PwQ2HdJVQGPcM&dib_tag=se&keywords=speakers&qid=1761953791&sprefix=speaker%2Caps%2C236&sr=8-26&xpid=YHRwq8TLrgFEx,"FREE deliveryMon, 3 NovOr fastest deliveryTomorrow, 2 Nov"
11,"₹17,400₹17,400M.R.P: ₹23,990M.R.P:₹23,990₹23,990","17,400",https://www.amazon.in/Sony-HT-S20R-Soundbar-Bluetooth-Connectivity/dp/B084685MT1/ref=sr_1_3?crid=Q5869GOL6SVW&dib=eyJ2IjoiMSJ9.8bylBOSg5HvakWGx5EgoVie699VckoioIsLWOP9QBHYPO4N50tn_wJ69JK8iSXdoX3Xj5lQ3ukyX1iwHmC61d3dCCYjt3Cf3Vcgk5RWUJw4fdML1ZJEtQCs6ijzS0pJ-ErN1AZdQYzDuw3rO_06PG8fXEM8s01bOmSU-TuDFc88L4bfSBvnOiqTJpqXbhjZzCA16SAvWJuuaM20v4Gj1jZjsE-aKJTUkMTJQiuVTMBk.iOdB_U1S1LVjb9IewIXsmjaY2T6cJvufng6uGX-ziMw&dib_tag=se&keywords=speakers&qid=1761953783&sprefix=speaker%2Caps%2C236&sr=8-3&xpid=YHRwq8TLrgFEx,"FREE delivery as soon asMon, 3 Nov, 7 am - 10 pm"
12,Limited time deal,649,https://www.amazon.in/deals,"FREE deliveryMon, 3 NovOr fastest deliveryTomorrow, 2 Nov"
13,"₹1,899₹1,899M.R.P: ₹3,499M.R.P:₹3,499₹3,499","1,899",https://www.amazon.in/sspa/click?ie=UTF8&spc=MTo0NTExMzI1MjI4MzgyMDkxOjE3NjE5NTM3ODM6c3BfYnRmOjMwMDMzNDI1NDEzOTEzMjo6MDo6&url=%2FPortronics-SoundDrum-Portable-Bluetooth-Handsfree%2Fdp%2FB09V2W1PRB%2Fref%3Dsr_1_21_sspa%3Fcrid%3DQ5869GOL6SVW%26dib%3DeyJ2IjoiMSJ9.8bylBOSg5HvakWGx5EgoVie699VckoioIsLWOP9QBHYPO4N50tn_wJ69JK8iSXdoX3Xj5lQ3ukyX1iwHmC61d3dCCYjt3Cf3Vcgk5RWUJw4fdML1ZJEtQCs6ijzS0pJ-ErN1AZdQYzDuw3rO_06PG8fXEM8s01bOmSU-TuDFc88L4bfSBvnOiqTJpqXbhjZzCA16SAvWJuuaM20v4Gj1jZjsE-aKJTUkMTJQiuVTMBk.iOdB_U1S1LVjb9IewIXsmjaY2T6cJvufng6uGX-ziMw%26dib_tag%3Dse%26keywords%3Dspeakers%26qid%3D1761953783%26sprefix%3Dspeaker%252Caps%252C236%26sr%3D8-21-spons%26xpid%3DYHRwq8TLrgFEx%26sp_csd%3Dd2lkZ2V0TmFtZT1zcF9idGY%26psc%3D1&aref=BSsiRkuo84&sp_cr=ZAZ,"FREE deliveryMon, 3 Nov"
14,"₹1,299₹1,299M.R.P: ₹2,499M.R.P:₹2,499₹2,499","1,299",https://www.amazon.in/Portronics-Wireless-Bluetooth-Portable-Playtime/dp/B0DNFV8YQB/ref=sr_1_19?crid=Q5869GOL6SVW&dib=eyJ2IjoiMSJ9.g2shpWP2PrvI8ewu6e9-Tw_kPGWvX1zMsknqDDlBaYShoox5iHMzwXXrVI7yaw2kU88WjVOxIQBNiCKN2IJhs1TgtbuGQI4FGQJd14VzYbP3uJgtYeE5aNHiGPtnYf3Hu5apIqg0Yad8neFIAdR2LHqjvNw3Du2kF_9dOyGuJ2Vh-Q96DFsbo76o7c4uA1Rq8ApYETbRc7sm3CBNhpVe6NC1rFExBUOYVLjPGC6H0tk.OQNDGHUw-gIUnAcsdixiMonGsovZu7PwQ2HdJVQGPcM&dib_tag=se&keywords=speakers&qid=1761953791&sprefix=speaker%2Caps%2C236&sr=8-19&xpid=YHRwq8TLrgFEx,"FREE deliveryMon, 3 NovOr fastest deliveryTomorrow, 2 Nov"
15,Limited time deal,279,https://www.amazon.in/deals,"FREE deliveryMon, 3 Novon first orderOr fastest deliveryTomorrow, 2 Nov"
16,Limited time deal,699,https://www.amazon.in/deals,"FREE deliveryMon, 3 NovOr fastest deliveryTomorrow, 2 Nov"
17,Limited time deal,749,https://www.amazon.in/deals,"FREE deliveryMon, 3 NovOr fastest deliveryTomorrow, 2 Nov"
18,₹499₹499M.R.P: ₹999M.R.P:₹999₹999,499,https://www.amazon.in/Zebronics-Zeb-County-Bluetooth-Speaker-Function/dp/B07YNV41FT/ref=sr_1_6?crid=Q5869GOL6SVW&dib=eyJ2IjoiMSJ9.8bylBOSg5HvakWGx5EgoVie699VckoioIsLWOP9QBHYPO4N50tn_wJ69JK8iSXdoX3Xj5lQ3ukyX1iwHmC61d3dCCYjt3Cf3Vcgk5RWUJw4fdML1ZJEtQCs6ijzS0pJ-ErN1AZdQYzDuw3rO_06PG8fXEM8s01bOmSU-TuDFc88L4bfSBvnOiqTJpqXbhjZzCA16SAvWJuuaM20v4Gj1jZjsE-aKJTUkMTJQiuVTMBk.iOdB_U1S1LVjb9IewIXsmjaY2T6cJvufng6uGX-ziMw&dib_tag=se&keywords=speakers&qid=1761953783&sprefix=speaker%2Caps%2C236&sr=8-6&xpid=YHRwq8TLrgFEx,"FREE deliveryMon, 3 NovOr fastest deliveryTomorrow, 2 Nov"
19,Limited time deal,"1,299",https://www.amazon.in/deals,"FREE deliveryMon, 3 NovOr fastest deliveryTomorrow, 2 Nov"
20,Limited time deal,999,https://www.amazon.in/deals,"FREE deliveryThu, 6 Nov"
21,"₹2,799₹2,799M.R.P: ₹5,999M.R.P:₹5,999₹5,999","2,799",https://www.amazon.in/Portronics-Portable-Bluetooth-Wireless-Playtime/dp/B0DP7PJ99Y/ref=sr_1_37?crid=Q5869GOL6SVW&dib=eyJ2IjoiMSJ9.xlRnKgS_H2axFYxpmOl-OlXZGRB2dcjbZZEA89vJuMNU8PTD9gLLEYU3Lpw0iBKYiMiOfieACiTKnvAEhR5nZj16dU1KbsoBRbOznH1NzyXMjlGpIkCBFVtVojtujB0y0Rm95oG7FQoEw6dZtAdryhM4L1-hcI6b9uxqF6XoxFozgQe88GfbEhfYQfxP8ypO5-AhNiNkCAiPzltcHlKG5sGKDwt40lQvy-E5scbsuE8.yE-y2FfK0aq9HbpEfxelcbZEunUNDkpP_DBQPIDRkx0&dib_tag=se&keywords=speakers&qid=1761953797&sprefix=speaker%2Caps%2C236&sr=8-37&xpid=YHRwq8TLrgFEx,"FREE deliveryMon, 3 NovOr fastest deliveryTomorrow, 2 Nov"
22,"₹899₹899M.R.P: ₹4,999M.R.P:₹4,999₹4,999",899,https://www.amazon.in/Blaupunkt-Launched-Unbelievable-Portable-outdoors/dp/B0DH8FHY3S/ref=sr_1_16?crid=Q5869GOL6SVW&dib=eyJ2IjoiMSJ9.8bylBOSg5HvakWGx5EgoVie699VckoioIsLWOP9QBHYPO4N50tn_wJ69JK8iSXdoX3Xj5lQ3ukyX1iwHmC61d3dCCYjt3Cf3Vcgk5RWUJw4fdML1ZJEtQCs6ijzS0pJ-ErN1AZdQYzDuw3rO_06PG8fXEM8s01bOmSU-TuDFc88L4bfSBvnOiqTJpqXbhjZzCA16SAvWJuuaM20v4Gj1jZjsE-aKJTUkMTJQiuVTMBk.iOdB_U1S1LVjb9IewIXsmjaY2T6cJvufng6uGX-ziMw&dib_tag=se&keywords=speakers&qid=1761953783&sprefix=speaker%2Caps%2C236&sr=8-16&xpid=YHRwq8TLrgFEx,"FREE deliveryWed, 5 Nov"
23,"₹50,999₹50,999","50,999",https://www.amazon.in/Sonos-Era-300-Wireless-Speaker/dp/B0CKKZV1BQ/ref=sr_1_51?crid=Q5869GOL6SVW&dib=eyJ2IjoiMSJ9.xlRnKgS_H2axFYxpmOl-OlXZGRB2dcjbZZEA89vJuMNU8PTD9gLLEYU3Lpw0iBKYiMiOfieACiTKnvAEhR5nZj16dU1KbsoBRbOznH1NzyXMjlGpIkCBFVtVojtujB0y0Rm95oG7FQoEw6dZtAdryhM4L1-hcI6b9uxqF6XoxFozgQe88GfbEhfYQfxP8ypO5-AhNiNkCAiPzltcHlKG5sGKDwt40lQvy-E5scbsuE8.yE-y2FfK0aq9HbpEfxelcbZEunUNDkpP_DBQPIDRkx0&dib_tag=se&keywords=speakers&qid=1761953797&sprefix=speaker%2Caps%2C236&sr=8-51&xpid=YHRwq8TLrgFEx,"FREE deliveryMon, 3 Nov"
24,Limited time deal,"9,499",https://www.amazon.in/deals,"FREE delivery as soon asMon, 3 Nov, 7 am - 10 pm"
25,Limited time deal,999,https://www.amazon.in/deals,"FREE deliveryTue, 4 Nov"
26,Limited time deal,"2,999",https://www.amazon.in/deals,"FREE deliveryMon, 3 NovOr fastest deliveryTomorrow, 2 Nov"
27,"₹14,999₹14,999M.R.P: ₹19,999M.R.P:₹19,999₹19,999","14,999",https://www.amazon.in/Marshall-Emberton-Wireless-Bluetooth-Portable/dp/B09XXW54QG/ref=sr_1_35?crid=Q5869GOL6SVW&dib=eyJ2IjoiMSJ9.xlRnKgS_H2axFYxpmOl-OlXZGRB2dcjbZZEA89vJuMNU8PTD9gLLEYU3Lpw0iBKYiMiOfieACiTKnvAEhR5nZj16dU1KbsoBRbOznH1NzyXMjlGpIkCBFVtVojtujB0y0Rm95oG7FQoEw6dZtAdryhM4L1-hcI6b9uxqF6XoxFozgQe88GfbEhfYQfxP8ypO5-AhNiNkCAiPzltcHlKG5sGKDwt40lQvy-E5scbsuE8.yE-y2FfK0aq9HbpEfxelcbZEunUNDkpP_DBQPIDRkx0&dib_tag=se&keywords=speakers&qid=1761953797&sprefix=speaker%2Caps%2C236&sr=8-35&xpid=YHRwq8TLrgFEx,"FREE deliveryMon, 3 NovOr fastest deliveryTomorrow, 2 Nov"
28,Limited time deal,"2,848",https://www.amazon.in/deals,"FREE deliveryMon, 3 NovOr fastest deliveryTomorrow, 2 Nov"
29,"₹22,999₹22,999","22,999",https://www.amazon.in/sspa/click?ie=UTF8&spc=MTo0NTExMzI1MjI4MzgyMDkxOjE3NjE5NTM3ODM6c3BfbXRmOjMwMDYwODc2MjIyMDkzMjo6MDo6&url=%2FSonos-Era-100-Wireless-Speaker%2Fdp%2FB0CKL1TXHN%2Fref%3Dsr_1_11_sspa%3Fcrid%3DQ5869GOL6SVW%26dib%3DeyJ2IjoiMSJ9.8bylBOSg5HvakWGx5EgoVie699VckoioIsLWOP9QBHYPO4N50tn_wJ69JK8iSXdoX3Xj5lQ3ukyX1iwHmC61d3dCCYjt3Cf3Vcgk5RWUJw4fdML1ZJEtQCs6ijzS0pJ-ErN1AZdQYzDuw3rO_06PG8fXEM8s01bOmSU-TuDFc88L4bfSBvnOiqTJpqXbhjZzCA16SAvWJuuaM20v4Gj1jZjsE-aKJTUkMTJQiuVTMBk.iOdB_U1S1LVjb9IewIXsmjaY2T6cJvufng6uGX-ziMw%26dib_tag%3Dse%26keywords%3Dspeakers%26qid%3D1761953783%26sprefix%3Dspeaker%252Caps%252C236%26sr%3D8-11-spons%26xpid%3DYHRwq8TLrgFEx%26sp_csd%3Dd2lkZ2V0TmFtZT1zcF9tdGY%26psc%3D1&aref=ujOpZmZVKK&sp_cr=ZAZ,"FREE deliveryMon, 3 NovOr fastest deliveryTomorrow, 2 Nov"
30,"₹9,999₹9,999M.R.P: ₹18,999M.R.P:₹18,999₹18,999","9,999",https://www.amazon.in/sspa/click?ie=UTF8&spc=MTozMTQ0MjYxMjYzMjU5MjI4OjE3NjE5NTM3OTc6c3BfYXRmX25leHQ6MzAwNjIwNzY5OTk3MzMyOjowOjo&url=%2FGM-Bluetooth-Powerful-Playtime-Radiators%2Fdp%2FB0CT2RQF1K%2Fref%3Dsr_1_33_sspa%3Fcrid%3DQ5869GOL6SVW%26dib%3DeyJ2IjoiMSJ9.xlRnKgS_H2axFYxpmOl-OlXZGRB2dcjbZZEA89vJuMNU8PTD9gLLEYU3Lpw0iBKYiMiOfieACiTKnvAEhR5nZj16dU1KbsoBRbOznH1NzyXMjlGpIkCBFVtVojtujB0y0Rm95oG7FQoEw6dZtAdryhM4L1-hcI6b9uxqF6XoxFozgQe88GfbEhfYQfxP8ypO5-AhNiNkCAiPzltcHlKG5sGKDwt40lQvy-E5scbsuE8.yE-y2FfK0aq9HbpEfxelcbZEunUNDkpP_DBQPIDRkx0%26dib_tag%3Dse%26keywords%3Dspeakers%26qid%3D1761953797%26sprefix%3Dspeaker%252Caps%252C236%26sr%3D8-33-spons%26xpid%3DYHRwq8TLrgFEx%26sp_csd%3Dd2lkZ2V0TmFtZT1zcF9hdGZfbmV4dA%26psc%3D1&aref=R2Nz2kPDhn&sp_cr=ZAZ,"FREE deliveryMon, 3 NovOr fastest deliveryTomorrow, 2 Nov"
31,"₹27,999₹27,999(₹466.65₹466.65/count)M.R.P: ₹31,999M.R.P:₹31,999₹31,999","27,999",https://www.amazon.in/Marshall-Connectivity-Stereo-Speakers-Bluetooth/dp/B0FGDB3M7S/ref=sr_1_18?crid=Q5869GOL6SVW&dib=eyJ2IjoiMSJ9.8bylBOSg5HvakWGx5EgoVie699VckoioIsLWOP9QBHYPO4N50tn_wJ69JK8iSXdoX3Xj5lQ3ukyX1iwHmC61d3dCCYjt3Cf3Vcgk5RWUJw4fdML1ZJEtQCs6ijzS0pJ-ErN1AZdQYzDuw3rO_06PG8fXEM8s01bOmSU-TuDFc88L4bfSBvnOiqTJpqXbhjZzCA16SAvWJuuaM20v4Gj1jZjsE-aKJTUkMTJQiuVTMBk.iOdB_U1S1LVjb9IewIXsmjaY2T6cJvufng6uGX-ziMw&dib_tag=se&keywords=speakers&qid=1761953783&sprefix=speaker%2Caps%2C236&sr=8-18&xpid=YHRwq8TLrgFEx,"FREE deliveryMon, 3 NovOr fastest deliveryTomorrow, 2 Nov"
32,"Limited time
                                        deal",699,https://www.amazon.in/deals,"FREE deliveryMon, 3
                                    NovOr fastest deliveryTomorrow, 2 Nov"
33,"₹1,598₹1,598M.R.P: ₹4,999M.R.P:₹4,999₹4,999","1,598",https://www.amazon.in/KRISONS-Cylender-Multi-Media-Bluetooth-Speaker/dp/B09RPC4J7K/ref=sr_1_8?crid=Q5869GOL6SVW&dib=eyJ2IjoiMSJ9.8bylBOSg5HvakWGx5EgoVie699VckoioIsLWOP9QBHYPO4N50tn_wJ69JK8iSXdoX3Xj5lQ3ukyX1iwHmC61d3dCCYjt3Cf3Vcgk5RWUJw4fdML1ZJEtQCs6ijzS0pJ-ErN1AZdQYzDuw3rO_06PG8fXEM8s01bOmSU-TuDFc88L4bfSBvnOiqTJpqXbhjZzCA16SAvWJuuaM20v4Gj1jZjsE-aKJTUkMTJQiuVTMBk.iOdB_U1S1LVjb9IewIXsmjaY2T6cJvufng6uGX-ziMw&dib_tag=se&keywords=speakers&qid=1761953783&sprefix=speaker%2Caps%2C236&sr=8-8&xpid=YHRwq8TLrgFEx,"FREE deliveryMon, 3 NovOr fastest deliveryTomorrow, 2 Nov"
34,"₹24,734₹24,734(₹24,73,400₹24,73,400/100 g)","24,734",https://www.amazon.in/sspa/click?ie=UTF8&spc=MTo0NTExMzI1MjI4MzgyMDkxOjE3NjE5NTM3ODM6c3BfYXRmOjMwMDU3NDQ0MDA4MjQzMjo6MDo6&url=%2FJabra-510-Wireless-Bluetooth-Softphone%2Fdp%2FB00ZA2JRGQ%2Fref%3Dsr_1_1_sspa%3Fcrid%3DQ5869GOL6SVW%26dib%3DeyJ2IjoiMSJ9.8bylBOSg5HvakWGx5EgoVie699VckoioIsLWOP9QBHYPO4N50tn_wJ69JK8iSXdoX3Xj5lQ3ukyX1iwHmC61d3dCCYjt3Cf3Vcgk5RWUJw4fdML1ZJEtQCs6ijzS0pJ-ErN1AZdQYzDuw3rO_06PG8fXEM8s01bOmSU-TuDFc88L4bfSBvnOiqTJpqXbhjZzCA16SAvWJuuaM20v4Gj1jZjsE-aKJTUkMTJQiuVTMBk.iOdB_U1S1LVjb9IewIXsmjaY2T6cJvufng6uGX-ziMw%26dib_tag%3Dse%26keywords%3Dspeakers%26qid%3D1761953783%26sprefix%3Dspeaker%252Caps%252C236%26sr%3D8-1-spons%26xpid%3DYHRwq8TLrgFEx%26sp_csd%3Dd2lkZ2V0TmFtZT1zcF9hdGY%26psc%3D1&aref=V7skA37YIi&sp_cr=ZAZ,
35,"₹2,499₹2,499M.R.P: ₹4,999M.R.P:₹4,999₹4,999","2,499",https://www.amazon.in/Portronics-Portable-Bluetooth-Subwoofer-Adjustment/dp/B0D7Q6QMJR/ref=sr_1_45?crid=Q5869GOL6SVW&dib=eyJ2IjoiMSJ9.xlRnKgS_H2axFYxpmOl-OlXZGRB2dcjbZZEA89vJuMNU8PTD9gLLEYU3Lpw0iBKYiMiOfieACiTKnvAEhR5nZj16dU1KbsoBRbOznH1NzyXMjlGpIkCBFVtVojtujB0y0Rm95oG7FQoEw6dZtAdryhM4L1-hcI6b9uxqF6XoxFozgQe88GfbEhfYQfxP8ypO5-AhNiNkCAiPzltcHlKG5sGKDwt40lQvy-E5scbsuE8.yE-y2FfK0aq9HbpEfxelcbZEunUNDkpP_DBQPIDRkx0&dib_tag=se&keywords=speakers&qid=1761953797&sprefix=speaker%2Caps%2C236&sr=8-45&xpid=YHRwq8TLrgFEx,"FREE deliveryMon, 3 NovOr fastest deliveryTomorrow, 2 Nov"
36,"₹1,899₹1,899M.R.P: ₹4,990M.R.P:₹4,990₹4,990","1,899",https://www.amazon.in/boAt-Stone-352-Pro-Signature/dp/B0D6W6T95D/ref=sr_1_47?crid=Q5869GOL6SVW&dib=eyJ2IjoiMSJ9.xlRnKgS_H2axFYxpmOl-OlXZGRB2dcjbZZEA89vJuMNU8PTD9gLLEYU3Lpw0iBKYiMiOfieACiTKnvAEhR5nZj16dU1KbsoBRbOznH1NzyXMjlGpIkCBFVtVojtujB0y0Rm95oG7FQoEw6dZtAdryhM4L1-hcI6b9uxqF6XoxFozgQe88GfbEhfYQfxP8ypO5-AhNiNkCAiPzltcHlKG5sGKDwt40lQvy-E5scbsuE8.yE-y2FfK0aq9HbpEfxelcbZEunUNDkpP_DBQPIDRkx0&dib_tag=se&keywords=speakers&qid=1761953797&sprefix=speaker%2Caps%2C236&sr=8-47&xpid=YHRwq8TLrgFEx,"FREE deliveryMon, 3 NovOr fastest deliveryTomorrow, 2 Nov"
37,"₹17,999₹17,999M.R.P: ₹26,999M.R.P:₹26,999₹26,999","17,999",https://www.amazon.in/JBL-Wireless-Bluetooth-Powerbank-Dustproof/dp/B0C3VYT6Q6/ref=sr_1_52?crid=Q5869GOL6SVW&dib=eyJ2IjoiMSJ9.xlRnKgS_H2axFYxpmOl-OlXZGRB2dcjbZZEA89vJuMNU8PTD9gLLEYU3Lpw0iBKYiMiOfieACiTKnvAEhR5nZj16dU1KbsoBRbOznH1NzyXMjlGpIkCBFVtVojtujB0y0Rm95oG7FQoEw6dZtAdryhM4L1-hcI6b9uxqF6XoxFozgQe88GfbEhfYQfxP8ypO5-AhNiNkCAiPzltcHlKG5sGKDwt40lQvy-E5scbsuE8.yE-y2FfK0aq9HbpEfxelcbZEunUNDkpP_DBQPIDRkx0&dib_tag=se&keywords=speakers&qid=1761953797&sprefix=speaker%2Caps%2C236&sr=8-52&xpid=YHRwq8TLrgFEx,"FREE deliveryMon, 3 NovOr fastest deliveryTomorrow, 2 Nov"
38,Limited time deal,"24,999",https://www.amazon.in/deals,"FREE delivery as soon asMon, 3 Nov, 7 am - 10 pm"
39,"₹22,999₹22,999","22,999",https://www.amazon.in/sspa/click?ie=UTF8&spc=MTo3MjY4MDU4NTY3OTkyODM3OjE3NjE5NTM3OTE6c3BfYXRmX25leHQ6MzAwNjA4NzYyMjIxMDMyOjowOjo&url=%2FSonos-Era-100-Wireless-Speaker%2Fdp%2FB0CKL39H3D%2Fref%3Dsr_1_18_sspa%3Fcrid%3DQ5869GOL6SVW%26dib%3DeyJ2IjoiMSJ9.g2shpWP2PrvI8ewu6e9-Tw_kPGWvX1zMsknqDDlBaYShoox5iHMzwXXrVI7yaw2kU88WjVOxIQBNiCKN2IJhs1TgtbuGQI4FGQJd14VzYbP3uJgtYeE5aNHiGPtnYf3Hu5apIqg0Yad8neFIAdR2LHqjvNw3Du2kF_9dOyGuJ2Vh-Q96DFsbo76o7c4uA1Rq8ApYETbRc7sm3CBNhpVe6NC1rFExBUOYVLjPGC6H0tk.OQNDGHUw-gIUnAcsdixiMonGsovZu7PwQ2HdJVQGPcM%26dib_tag%3Dse%26keywords%3Dspeakers%26qid%3D1761953791%26sprefix%3Dspeaker%252Caps%252C236%26sr%3D8-18-spons%26xpid%3DYHRwq8TLrgFEx%26sp_csd%3Dd2lkZ2V0TmFtZT1zcF9hdGZfbmV4dA%26psc%3D1&aref=7yH72MM4SU&sp_cr=ZAZ,"FREE deliveryMon, 3 Nov"
40,"₹749₹749M.R.P: ₹1,899M.R.P:₹1,899₹1,899",749,https://www.amazon.in/ZEBRONICS-35-Portable-Bluetooth-Radiators/dp/B0DJ3FFC8R/ref=sr_1_9?crid=Q5869GOL6SVW&dib=eyJ2IjoiMSJ9.8bylBOSg5HvakWGx5EgoVie699VckoioIsLWOP9QBHYPO4N50tn_wJ69JK8iSXdoX3Xj5lQ3ukyX1iwHmC61d3dCCYjt3Cf3Vcgk5RWUJw4fdML1ZJEtQCs6ijzS0pJ-ErN1AZdQYzDuw3rO_06PG8fXEM8s01bOmSU-TuDFc88L4bfSBvnOiqTJpqXbhjZzCA16SAvWJuuaM20v4Gj1jZjsE-aKJTUkMTJQiuVTMBk.iOdB_U1S1LVjb9IewIXsmjaY2T6cJvufng6uGX-ziMw&dib_tag=se&keywords=speakers&qid=1761953783&sprefix=speaker%2Caps%2C236&sr=8-9&xpid=YHRwq8TLrgFEx,"FREE deliveryMon, 3 NovOr fastest deliveryTomorrow, 2 Nov"
41,"₹799₹799M.R.P: ₹2,490M.R.P:₹2,490₹2,490",799,https://www.amazon.in/boAt-Stone-110-Bluetooth-Signature/dp/B0F48NP2CV/ref=sr_1_20?crid=Q5869GOL6SVW&dib=eyJ2IjoiMSJ9.8bylBOSg5HvakWGx5EgoVie699VckoioIsLWOP9QBHYPO4N50tn_wJ69JK8iSXdoX3Xj5lQ3ukyX1iwHmC61d3dCCYjt3Cf3Vcgk5RWUJw4fdML1ZJEtQCs6ijzS0pJ-ErN1AZdQYzDuw3rO_06PG8fXEM8s01bOmSU-TuDFc88L4bfSBvnOiqTJpqXbhjZzCA16SAvWJuuaM20v4Gj1jZjsE-aKJTUkMTJQiuVTMBk.iOdB_U1S1LVjb9IewIXsmjaY2T6cJvufng6uGX-ziMw&dib_tag=se&keywords=speakers&qid=1761953783&sprefix=speaker%2Caps%2C236&sr=8-20&xpid=YHRwq8TLrgFEx,"FREE deliveryMon, 3 NovOr fastest deliveryTomorrow, 2 Nov"
42,"₹37,999₹37,999M.R.P: ₹41,999M.R.P:₹41,999₹41,999","37,999",https://www.amazon.in/sspa/click?ie=UTF8&spc=MTo0NTExMzI1MjI4MzgyMDkxOjE3NjE5NTM3ODM6c3BfYnRmOjMwMDU4MzM3MTk2MTAzMjo6MDo6&url=%2FMarshall-Stanmore-Bluetooth-Wireless-Speaker%2Fdp%2FB09GYRMJ17%2Fref%3Dsr_1_22_sspa%3Fcrid%3DQ5869GOL6SVW%26dib%3DeyJ2IjoiMSJ9.8bylBOSg5HvakWGx5EgoVie699VckoioIsLWOP9QBHYPO4N50tn_wJ69JK8iSXdoX3Xj5lQ3ukyX1iwHmC61d3dCCYjt3Cf3Vcgk5RWUJw4fdML1ZJEtQCs6ijzS0pJ-ErN1AZdQYzDuw3rO_06PG8fXEM8s01bOmSU-TuDFc88L4bfSBvnOiqTJpqXbhjZzCA16SAvWJuuaM20v4Gj1jZjsE-aKJTUkMTJQiuVTMBk.iOdB_U1S1LVjb9IewIXsmjaY2T6cJvufng6uGX-ziMw%26dib_tag%3Dse%26keywords%3Dspeakers%26qid%3D1761953783%26sprefix%3Dspeaker%252Caps%252C236%26sr%3D8-22-spons%26xpid%3DYHRwq8TLrgFEx%26sp_csd%3Dd2lkZ2V0TmFtZT1zcF9idGY%26psc%3D1&aref=yLdlFRkJ4Z&sp_cr=ZAZ,"FREE deliveryMon, 3 Nov"
43,₹399₹399M.R.P: ₹849M.R.P:₹849₹849,399,https://www.amazon.in/Zebronics-Zeb-Fame-Multi-Speakers-Control/dp/B07L3NDN24/ref=sr_1_7?crid=Q5869GOL6SVW&dib=eyJ2IjoiMSJ9.8bylBOSg5HvakWGx5EgoVie699VckoioIsLWOP9QBHYPO4N50tn_wJ69JK8iSXdoX3Xj5lQ3ukyX1iwHmC61d3dCCYjt3Cf3Vcgk5RWUJw4fdML1ZJEtQCs6ijzS0pJ-ErN1AZdQYzDuw3rO_06PG8fXEM8s01bOmSU-TuDFc88L4bfSBvnOiqTJpqXbhjZzCA16SAvWJuuaM20v4Gj1jZjsE-aKJTUkMTJQiuVTMBk.iOdB_U1S1LVjb9IewIXsmjaY2T6cJvufng6uGX-ziMw&dib_tag=se&keywords=speakers&qid=1761953783&sprefix=speaker%2Caps%2C236&sr=8-7&xpid=YHRwq8TLrgFEx,"FREE deliveryMon, 3 Novon first orderOr fastest deliveryTomorrow, 2 Nov"
44,"₹1,899₹1,899M.R.P: ₹3,499M.R.P:₹3,499₹3,499","1,899",https://www.amazon.in/Portronics-SoundDrum-Portable-Bluetooth-Handsfree/dp/B09V2W1PRB/ref=sr_1_42?crid=Q5869GOL6SVW&dib=eyJ2IjoiMSJ9.xlRnKgS_H2axFYxpmOl-OlXZGRB2dcjbZZEA89vJuMNU8PTD9gLLEYU3Lpw0iBKYiMiOfieACiTKnvAEhR5nZj16dU1KbsoBRbOznH1NzyXMjlGpIkCBFVtVojtujB0y0Rm95oG7FQoEw6dZtAdryhM4L1-hcI6b9uxqF6XoxFozgQe88GfbEhfYQfxP8ypO5-AhNiNkCAiPzltcHlKG5sGKDwt40lQvy-E5scbsuE8.yE-y2FfK0aq9HbpEfxelcbZEunUNDkpP_DBQPIDRkx0&dib_tag=se&keywords=speakers&qid=1761953797&sprefix=speaker%2Caps%2C236&sr=8-42&xpid=YHRwq8TLrgFEx,"FREE deliveryMon, 3 Nov"
45,Limited time deal,"1,999",https://www.amazon.in/deals,"FREE deliveryMon, 3 NovOr fastest deliveryTomorrow, 2 Nov"
46,"₹16,399₹16,399M.R.P: ₹40,999M.R.P:₹40,999₹40,999","16,399",https://www.amazon.in/sspa/click?ie=UTF8&spc=MTo3MjY4MDU4NTY3OTkyODM3OjE3NjE5NTM3OTE6c3BfYnRmOjMwMDcyMzU1NTU0MDQzMjo6MDo6&url=%2FW-KING-Bluetooth-Waterproof-Radiators-70W-Omnidirectional%2Fdp%2FB0F2FCRQ13%2Fref%3Dsr_1_38_sspa%3Fcrid%3DQ5869GOL6SVW%26dib%3DeyJ2IjoiMSJ9.g2shpWP2PrvI8ewu6e9-Tw_kPGWvX1zMsknqDDlBaYShoox5iHMzwXXrVI7yaw2kU88WjVOxIQBNiCKN2IJhs1TgtbuGQI4FGQJd14VzYbP3uJgtYeE5aNHiGPtnYf3Hu5apIqg0Yad8neFIAdR2LHqjvNw3Du2kF_9dOyGuJ2Vh-Q96DFsbo76o7c4uA1Rq8ApYETbRc7sm3CBNhpVe6NC1rFExBUOYVLjPGC6H0tk.OQNDGHUw-gIUnAcsdixiMonGsovZu7PwQ2HdJVQGPcM%26dib_tag%3Dse%26keywords%3Dspeakers%26qid%3D1761953791%26sprefix%3Dspeaker%252Caps%252C236%26sr%3D8-38-spons%26xpid%3DYHRwq8TLrgFEx%26sp_csd%3Dd2lkZ2V0TmFtZT1zcF9idGY%26psc%3D1&aref=Ip521AorqT&sp_cr=ZAZ,"FREE deliveryMon, 3 NovOr fastest deliveryTomorrow, 2 Nov"
47,"₹9,999₹9,999M.R.P: ₹34,990M.R.P:₹34,990₹34,990","9,999",https://www.amazon.in/boAt-Partypal-390-Signature-Bluetooth/dp/B0CJMF9Z56/ref=sr_1_22?crid=Q5869GOL6SVW&dib=eyJ2IjoiMSJ9.g2shpWP2PrvI8ewu6e9-Tw_kPGWvX1zMsknqDDlBaYShoox5iHMzwXXrVI7yaw2kU88WjVOxIQBNiCKN2IJhs1TgtbuGQI4FGQJd14VzYbP3uJgtYeE5aNHiGPtnYf3Hu5apIqg0Yad8neFIAdR2LHqjvNw3Du2kF_9dOyGuJ2Vh-Q96DFsbo76o7c4uA1Rq8ApYETbRc7sm3CBNhpVe6NC1rFExBUOYVLjPGC6H0tk.OQNDGHUw-gIUnAcsdixiMonGsovZu7PwQ2HdJVQGPcM&dib_tag=se&keywords=speakers&qid=1761953791&sprefix=speaker%2Caps%2C236&sr=8-22&xpid=YHRwq8TLrgFEx,"FREE delivery as soon asMon, 3 Nov, 7 am - 10 pm"
48,"₹2,799₹2,799M.R.P: ₹3,999M.R.P:₹3,999₹3,999","2,799",https://www.amazon.in/JBL-Wireless-Portable-Bluetooth-Waterproof/dp/B08FB396L1/ref=sr_1_32?crid=Q5869GOL6SVW&dib=eyJ2IjoiMSJ9.g2shpWP2PrvI8ewu6e9-Tw_kPGWvX1zMsknqDDlBaYShoox5iHMzwXXrVI7yaw2kU88WjVOxIQBNiCKN2IJhs1TgtbuGQI4FGQJd14VzYbP3uJgtYeE5aNHiGPtnYf3Hu5apIqg0Yad8neFIAdR2LHqjvNw3Du2kF_9dOyGuJ2Vh-Q96DFsbo76o7c4uA1Rq8ApYETbRc7sm3CBNhpVe6NC1rFExBUOYVLjPGC6H0tk.OQNDGHUw-gIUnAcsdixiMonGsovZu7PwQ2HdJVQGPcM&dib_tag=se&keywords=speakers&qid=1761953791&sprefix=speaker%2Caps%2C236&sr=8-32&xpid=YHRwq8TLrgFEx,"FREE deliveryMon, 3 NovOr fastest deliveryTomorrow, 2 Nov"
49,"₹59,999₹59,999","59,999",https://www.amazon.in/sspa/click?ie=UTF8&spc=MTozMTQ0MjYxMjYzMjU5MjI4OjE3NjE5NTM3OTc6c3BfbXRmOjMwMDU4MzM3MTk2MDgzMjo6MDo6&url=%2FMarshall-Woburn-Bluetooth-Speaker-Brown%2Fdp%2FB0BP7JLQSR%2Fref%3Dsr_1_44_sspa%3Fcrid%3DQ5869GOL6SVW%26dib%3DeyJ2IjoiMSJ9.xlRnKgS_H2axFYxpmOl-OlXZGRB2dcjbZZEA89vJuMNU8PTD9gLLEYU3Lpw0iBKYiMiOfieACiTKnvAEhR5nZj16dU1KbsoBRbOznH1NzyXMjlGpIkCBFVtVojtujB0y0Rm95oG7FQoEw6dZtAdryhM4L1-hcI6b9uxqF6XoxFozgQe88GfbEhfYQfxP8ypO5-AhNiNkCAiPzltcHlKG5sGKDwt40lQvy-E5scbsuE8.yE-y2FfK0aq9HbpEfxelcbZEunUNDkpP_DBQPIDRkx0%26dib_tag%3Dse%26keywords%3Dspeakers%26qid%3D1761953797%26sprefix%3Dspeaker%252Caps%252C236%26sr%3D8-44-spons%26xpid%3DYHRwq8TLrgFEx%26sp_csd%3Dd2lkZ2V0TmFtZT1zcF9tdGY%26psc%3D1&aref=qxgKSTZM5A&sp_cr=ZAZ,"FREE deliveryTue, 4 Nov"
50,Limited time deal,"3,459",https://www.amazon.in/deals,"FREE delivery as soon asMon, 3 Nov, 7 am - 10 pm"
51,"₹879₹879M.R.P: ₹1,999M.R.P:₹1,999₹1,999",879,https://www.amazon.in/sspa/click?ie=UTF8&spc=MTozMTQ0MjYxMjYzMjU5MjI4OjE3NjE5NTM3OTc6c3BfYnRmOjMwMDE5MzQ2MzI5NDMzMjo6MDo6&url=%2FMivi-Bluetooth-Playtime-Wireless-Exceptional%2Fdp%2FB094RD2SM9%2Fref%3Dsr_1_53_sspa%3Fcrid%3DQ5869GOL6SVW%26dib%3DeyJ2IjoiMSJ9.xlRnKgS_H2axFYxpmOl-OlXZGRB2dcjbZZEA89vJuMNU8PTD9gLLEYU3Lpw0iBKYiMiOfieACiTKnvAEhR5nZj16dU1KbsoBRbOznH1NzyXMjlGpIkCBFVtVojtujB0y0Rm95oG7FQoEw6dZtAdryhM4L1-hcI6b9uxqF6XoxFozgQe88GfbEhfYQfxP8ypO5-AhNiNkCAiPzltcHlKG5sGKDwt40lQvy-E5scbsuE8.yE-y2FfK0aq9HbpEfxelcbZEunUNDkpP_DBQPIDRkx0%26dib_tag%3Dse%26keywords%3Dspeakers%26qid%3D1761953797%26sprefix%3Dspeaker%252Caps%252C236%26sr%3D8-53-spons%26xpid%3DYHRwq8TLrgFEx%26sp_csd%3Dd2lkZ2V0TmFtZT1zcF9idGY%26psc%3D1&aref=sC70esIEN2&sp_cr=ZAZ,"FREE deliverySat, 8 Nov"
52,Limited time deal,"2,848",https://www.amazon.in/deals,"FREE deliveryMon, 3 NovOr fastest deliveryTomorrow, 2 Nov"
53,"₹799₹799M.R.P: ₹3,199M.R.P:₹3,199₹3,199",799,https://www.amazon.in/pTron-Launched-Fusion-Bluetooth-Multi-Play/dp/B0D772K8X8/ref=sr_1_15?crid=Q5869GOL6SVW&dib=eyJ2IjoiMSJ9.8bylBOSg5HvakWGx5EgoVie699VckoioIsLWOP9QBHYPO4N50tn_wJ69JK8iSXdoX3Xj5lQ3ukyX1iwHmC61d3dCCYjt3Cf3Vcgk5RWUJw4fdML1ZJEtQCs6ijzS0pJ-ErN1AZdQYzDuw3rO_06PG8fXEM8s01bOmSU-TuDFc88L4bfSBvnOiqTJpqXbhjZzCA16SAvWJuuaM20v4Gj1jZjsE-aKJTUkMTJQiuVTMBk.iOdB_U1S1LVjb9IewIXsmjaY2T6cJvufng6uGX-ziMw&dib_tag=se&keywords=speakers&qid=1761953783&sprefix=speaker%2Caps%2C236&sr=8-15&xpid=YHRwq8TLrgFEx,"FREE deliveryMon, 3 NovOr fastest deliveryTomorrow, 2 Nov"
54,"₹14,999₹14,999M.R.P: ₹19,999M.R.P:₹19,999₹19,999","14,999",https://www.amazon.in/sspa/click?ie=UTF8&spc=MTo0NTExMzI1MjI4MzgyMDkxOjE3NjE5NTM3ODM6c3BfbXRmOjMwMDUwNDIwNDA0MTkzMjo6MDo6&url=%2FMarshall-Emberton-Wireless-Bluetooth-Portable%2Fdp%2FB09XXW54QG%2Fref%3Dsr_1_12_sspa%3Fcrid%3DQ5869GOL6SVW%26dib%3DeyJ2IjoiMSJ9.8bylBOSg5HvakWGx5EgoVie699VckoioIsLWOP9QBHYPO4N50tn_wJ69JK8iSXdoX3Xj5lQ3ukyX1iwHmC61d3dCCYjt3Cf3Vcgk5RWUJw4fdML1ZJEtQCs6ijzS0pJ-ErN1AZdQYzDuw3rO_06PG8fXEM8s01bOmSU-TuDFc88L4bfSBvnOiqTJpqXbhjZzCA16SAvWJuuaM20v4Gj1jZjsE-aKJTUkMTJQiuVTMBk.iOdB_U1S1LVjb9IewIXsmjaY2T6cJvufng6uGX-ziMw%26dib_tag%3Dse%26keywords%3Dspeakers%26qid%3D1761953783%26sprefix%3Dspeaker%252Caps%252C236%26sr%3D8-12-spons%26xpid%3DYHRwq8TLrgFEx%26sp_csd%3Dd2lkZ2V0TmFtZT1zcF9tdGY%26psc%3D1&aref=qWTTSM1VU9&sp_cr=ZAZ,"FREE deliveryMon, 3 NovOr fastest deliveryTomorrow, 2 Nov"
55,"₹16,900₹16,900","16,900",https://www.amazon.in/Bose-SoundLink-Bluetooth-Waterproof-Dustproof/dp/B0D6WD2QSQ/ref=sr_1_24?crid=Q5869GOL6SVW&dib=eyJ2IjoiMSJ9.g2shpWP2PrvI8ewu6e9-Tw_kPGWvX1zMsknqDDlBaYShoox5iHMzwXXrVI7yaw2kU88WjVOxIQBNiCKN2IJhs1TgtbuGQI4FGQJd14VzYbP3uJgtYeE5aNHiGPtnYf3Hu5apIqg0Yad8neFIAdR2LHqjvNw3Du2kF_9dOyGuJ2Vh-Q96DFsbo76o7c4uA1Rq8ApYETbRc7sm3CBNhpVe6NC1rFExBUOYVLjPGC6H0tk.OQNDGHUw-gIUnAcsdixiMonGsovZu7PwQ2HdJVQGPcM&dib_tag=se&keywords=speakers&qid=1761953791&sprefix=speaker%2Caps%2C236&sr=8-24&xpid=YHRwq8TLrgFEx,"FREE deliveryMon, 3 NovOr fastest deliveryTomorrow, 2 Nov"
56,"₹3,699₹3,699M.R.P: ₹4,999M.R.P:₹4,999₹4,999","3,699",https://www.amazon.in/JBL-Wireless-Portable-Bluetooth-Speaker/dp/B0CX5C6WP3/ref=sr_1_40?crid=Q5869GOL6SVW&dib=eyJ2IjoiMSJ9.xlRnKgS_H2axFYxpmOl-OlXZGRB2dcjbZZEA89vJuMNU8PTD9gLLEYU3Lpw0iBKYiMiOfieACiTKnvAEhR5nZj16dU1KbsoBRbOznH1NzyXMjlGpIkCBFVtVojtujB0y0Rm95oG7FQoEw6dZtAdryhM4L1-hcI6b9uxqF6XoxFozgQe88GfbEhfYQfxP8ypO5-AhNiNkCAiPzltcHlKG5sGKDwt40lQvy-E5scbsuE8.yE-y2FfK0aq9HbpEfxelcbZEunUNDkpP_DBQPIDRkx0&dib_tag=se&keywords=speakers&qid=1761953797&sprefix=speaker%2Caps%2C236&sr=8-40&xpid=YHRwq8TLrgFEx,"FREE deliveryMon, 3 NovOr fastest deliveryTomorrow, 2 Nov"
57,"₹8,999₹8,999M.R.P: ₹13,999M.R.P:₹13,999₹13,999","8,999",https://www.amazon.in/JBL-Bluetooth-Dustproof-PartyBoost-Personalization/dp/B09NCDDM7T/ref=sr_1_14?crid=Q5869GOL6SVW&dib=eyJ2IjoiMSJ9.8bylBOSg5HvakWGx5EgoVie699VckoioIsLWOP9QBHYPO4N50tn_wJ69JK8iSXdoX3Xj5lQ3ukyX1iwHmC61d3dCCYjt3Cf3Vcgk5RWUJw4fdML1ZJEtQCs6ijzS0pJ-ErN1AZdQYzDuw3rO_06PG8fXEM8s01bOmSU-TuDFc88L4bfSBvnOiqTJpqXbhjZzCA16SAvWJuuaM20v4Gj1jZjsE-aKJTUkMTJQiuVTMBk.iOdB_U1S1LVjb9IewIXsmjaY2T6cJvufng6uGX-ziMw&dib_tag=se&keywords=speakers&qid=1761953783&sprefix=speaker%2Caps%2C236&sr=8-14&xpid=YHRwq8TLrgFEx,"FREE deliveryMon, 3 NovOr fastest deliveryTomorrow, 2 Nov"
58,"₹799₹799M.R.P: ₹2,999M.R.P:₹2,999₹2,999",799,https://www.amazon.in/Mivi-Wireless-Bluetooth-Waterproof-Assistance/dp/B08PGYLCQB/ref=sr_1_38?crid=Q5869GOL6SVW&dib=eyJ2IjoiMSJ9.xlRnKgS_H2axFYxpmOl-OlXZGRB2dcjbZZEA89vJuMNU8PTD9gLLEYU3Lpw0iBKYiMiOfieACiTKnvAEhR5nZj16dU1KbsoBRbOznH1NzyXMjlGpIkCBFVtVojtujB0y0Rm95oG7FQoEw6dZtAdryhM4L1-hcI6b9uxqF6XoxFozgQe88GfbEhfYQfxP8ypO5-AhNiNkCAiPzltcHlKG5sGKDwt40lQvy-E5scbsuE8.yE-y2FfK0aq9HbpEfxelcbZEunUNDkpP_DBQPIDRkx0&dib_tag=se&keywords=speakers&qid=1761953797&sprefix=speaker%2Caps%2C236&sr=8-38&xpid=YHRwq8TLrgFEx,"FREE deliveryMon, 3 NovOr fastest deliveryTomorrow, 2 Nov"
59,"₹1,999₹1,999M.R.P: ₹4,990M.R.P:₹4,990₹4,990","1,999",https://www.amazon.in/boAt-Stone-352-Pro-Bluetooth/dp/B0D6W7F7WH/ref=sr_1_13?crid=Q5869GOL6SVW&dib=eyJ2IjoiMSJ9.8bylBOSg5HvakWGx5EgoVie699VckoioIsLWOP9QBHYPO4N50tn_wJ69JK8iSXdoX3Xj5lQ3ukyX1iwHmC61d3dCCYjt3Cf3Vcgk5RWUJw4fdML1ZJEtQCs6ijzS0pJ-ErN1AZdQYzDuw3rO_06PG8fXEM8s01bOmSU-TuDFc88L4bfSBvnOiqTJpqXbhjZzCA16SAvWJuuaM20v4Gj1jZjsE-aKJTUkMTJQiuVTMBk.iOdB_U1S1LVjb9IewIXsmjaY2T6cJvufng6uGX-ziMw&dib_tag=se&keywords=speakers&qid=1761953783&sprefix=speaker%2Caps%2C236&sr=8-13&xpid=YHRwq8TLrgFEx,"FREE deliveryMon, 3 NovOr fastest deliveryTomorrow, 2 Nov"
60,Limited time deal,999,https://www.amazon.in/deals,"FREE deliveryTue, 4 Nov"
61,"₹6,999₹6,999(₹6,99,900₹6,99,900/100 g)M.R.P: ₹10,599M.R.P:₹10,599₹10,599","6,999",https://www.amazon.in/sspa/click?ie=UTF8&spc=MTozMTQ0MjYxMjYzMjU5MjI4OjE3NjE5NTM3OTc6c3BfYnRmOjMwMDU2Mjg0MzA3NDkzMjo6MDo6&url=%2FW-KING-Portable-Speakers-Bluetooth-Waterproof%2Fdp%2FB0F2FL6788%2Fref%3Dsr_1_54_sspa%3Fcrid%3DQ5869GOL6SVW%26dib%3DeyJ2IjoiMSJ9.xlRnKgS_H2axFYxpmOl-OlXZGRB2dcjbZZEA89vJuMNU8PTD9gLLEYU3Lpw0iBKYiMiOfieACiTKnvAEhR5nZj16dU1KbsoBRbOznH1NzyXMjlGpIkCBFVtVojtujB0y0Rm95oG7FQoEw6dZtAdryhM4L1-hcI6b9uxqF6XoxFozgQe88GfbEhfYQfxP8ypO5-AhNiNkCAiPzltcHlKG5sGKDwt40lQvy-E5scbsuE8.yE-y2FfK0aq9HbpEfxelcbZEunUNDkpP_DBQPIDRkx0%26dib_tag%3Dse%26keywords%3Dspeakers%26qid%3D1761953797%26sprefix%3Dspeaker%252Caps%252C236%26sr%3D8-54-spons%26xpid%3DYHRwq8TLrgFEx%26sp_csd%3Dd2lkZ2V0TmFtZT1zcF9idGY%26psc%3D1&aref=goGv5V9FW4&sp_cr=ZAZ,"FREE deliveryTue, 4 Nov"
62,"₹1,999₹1,999M.R.P: ₹5,990M.R.P:₹5,990₹5,990","1,999",https://www.amazon.in/boAt-Aavante-Bar-610-Connectivity/dp/B0BZ4DJ7GZ/ref=sr_1_30?crid=Q5869GOL6SVW&dib=eyJ2IjoiMSJ9.g2shpWP2PrvI8ewu6e9-Tw_kPGWvX1zMsknqDDlBaYShoox5iHMzwXXrVI7yaw2kU88WjVOxIQBNiCKN2IJhs1TgtbuGQI4FGQJd14VzYbP3uJgtYeE5aNHiGPtnYf3Hu5apIqg0Yad8neFIAdR2LHqjvNw3Du2kF_9dOyGuJ2Vh-Q96DFsbo76o7c4uA1Rq8ApYETbRc7sm3CBNhpVe6NC1rFExBUOYVLjPGC6H0tk.OQNDGHUw-gIUnAcsdixiMonGsovZu7PwQ2HdJVQGPcM&dib_tag=se&keywords=speakers&qid=1761953791&sprefix=speaker%2Caps%2C236&sr=8-30&xpid=YHRwq8TLrgFEx,"FREE deliveryMon, 3 NovOr fastest deliveryTomorrow, 2 Nov"
63,"₹1,684₹1,684M.R.P: ₹3,490M.R.P:₹3,490₹3,490","1,684",https://www.amazon.in/boAt-Bluetooth-Resistance-Playtime-Multi-Compatibility/dp/B0BYZ26QGB/ref=sr_1_33?crid=Q5869GOL6SVW&dib=eyJ2IjoiMSJ9.g2shpWP2PrvI8ewu6e9-Tw_kPGWvX1zMsknqDDlBaYShoox5iHMzwXXrVI7yaw2kU88WjVOxIQBNiCKN2IJhs1TgtbuGQI4FGQJd14VzYbP3uJgtYeE5aNHiGPtnYf3Hu5apIqg0Yad8neFIAdR2LHqjvNw3Du2kF_9dOyGuJ2Vh-Q96DFsbo76o7c4uA1Rq8ApYETbRc7sm3CBNhpVe6NC1rFExBUOYVLjPGC6H0tk.OQNDGHUw-gIUnAcsdixiMonGsovZu7PwQ2HdJVQGPcM&dib_tag=se&keywords=speakers&qid=1761953791&sprefix=speaker%2Caps%2C236&sr=8-33&xpid=YHRwq8TLrgFEx,"FREE deliveryMon, 3 NovOr fastest deliveryTomorrow, 2 Nov"
64,"₹24,734₹24,734(₹24,73,400₹24,73,400/100 g)","24,734",https://www.amazon.in/sspa/click?ie=UTF8&spc=MTo3MjY4MDU4NTY3OTkyODM3OjE3NjE5NTM3OTE6c3BfYXRmX25leHQ6MzAwNTc0NDQwMDgyNDMyOjowOjo&url=%2FJabra-510-Wireless-Bluetooth-Softphone%2Fdp%2FB00ZA2JRGQ%2Fref%3Dsr_1_17_sspa%3Fcrid%3DQ5869GOL6SVW%26dib%3DeyJ2IjoiMSJ9.g2shpWP2PrvI8ewu6e9-Tw_kPGWvX1zMsknqDDlBaYShoox5iHMzwXXrVI7yaw2kU88WjVOxIQBNiCKN2IJhs1TgtbuGQI4FGQJd14VzYbP3uJgtYeE5aNHiGPtnYf3Hu5apIqg0Yad8neFIAdR2LHqjvNw3Du2kF_9dOyGuJ2Vh-Q96DFsbo76o7c4uA1Rq8ApYETbRc7sm3CBNhpVe6NC1rFExBUOYVLjPGC6H0tk.OQNDGHUw-gIUnAcsdixiMonGsovZu7PwQ2HdJVQGPcM%26dib_tag%3Dse%26keywords%3Dspeakers%26qid%3D1761953791%26sprefix%3Dspeaker%252Caps%252C236%26sr%3D8-17-spons%26xpid%3DYHRwq8TLrgFEx%26sp_csd%3Dd2lkZ2V0TmFtZT1zcF9hdGZfbmV4dA%26psc%3D1&aref=V7skA37YIi&sp_cr=ZAZ,
65,"₹27,999₹27,999M.R.P: ₹31,999M.R.P:₹31,999₹31,999","27,999",https://www.amazon.in/sspa/click?ie=UTF8&spc=MTo3MjY4MDU4NTY3OTkyODM3OjE3NjE5NTM3OTE6c3BfbXRmOjMwMDU4MzM3MTk2MjEzMjo6MDo6&url=%2FMarshall-Acton-Bluetooth-Speaker-Black%2Fdp%2FB0BC27MM5Z%2Fref%3Dsr_1_28_sspa%3Fcrid%3DQ5869GOL6SVW%26dib%3DeyJ2IjoiMSJ9.g2shpWP2PrvI8ewu6e9-Tw_kPGWvX1zMsknqDDlBaYShoox5iHMzwXXrVI7yaw2kU88WjVOxIQBNiCKN2IJhs1TgtbuGQI4FGQJd14VzYbP3uJgtYeE5aNHiGPtnYf3Hu5apIqg0Yad8neFIAdR2LHqjvNw3Du2kF_9dOyGuJ2Vh-Q96DFsbo76o7c4uA1Rq8ApYETbRc7sm3CBNhpVe6NC1rFExBUOYVLjPGC6H0tk.OQNDGHUw-gIUnAcsdixiMonGsovZu7PwQ2HdJVQGPcM%26dib_tag%3Dse%26keywords%3Dspeakers%26qid%3D1761953791%26sprefix%3Dspeaker%252Caps%252C236%26sr%3D8-28-spons%26xpid%3DYHRwq8TLrgFEx%26sp_csd%3Dd2lkZ2V0TmFtZT1zcF9tdGY%26psc%3D1&aref=I0WD8ImXOG&sp_cr=ZAZ,"FREE deliveryMon, 3 NovOr fastest deliveryTomorrow, 2 Nov"
